{
  "dataset": {
    "n_var": 23,
    "row_count": 1000000,
    "n_cells": 23000000,
    "missing_cells": 0,
    "missing_cells_perc": 0.0
  },
  "columns": {
    "loan_id": {
      "type": "int64",
      "mean": 499999.5,
      "min": 0,
      "max": 999999,
      "std": 288675.2789323441,
      "missing": 0,
      "n_distinct": 1000000,
      "zeros": 1,
      "sum": 499999500000,
      "median": 499999.5,
      "p5": 49999.950000000004,
      "p25": 249999.75,
      "p75": 749999.25,
      "p95": 949999.0499999999,
      "range": 999999,
      "variance": 83333416666.66667,
      "cv": 0.5773511352158235,
      "distinct_perc": 1.0,
      "n_unique": 1000000
    },
    "customer_id": {
      "type": "int32",
      "mean": 549717.5568,
      "min": 100000,
      "max": 999998,
      "std": 259700.26763148422,
      "missing": 0,
      "n_distinct": 604054,
      "zeros": 0,
      "sum": 549717556800,
      "median": 549857.0,
      "p5": 145190.0,
      "p25": 324725.75,
      "p75": 774464.25,
      "p95": 954996.0,
      "range": 899998,
      "variance": 67444229007.86453,
      "cv": 0.4724249106090843,
      "distinct_perc": 0.604054,
      "n_unique": 329803
    },
    "loan_amount": {
      "type": "float32",
      "mean": 25023.608288517273,
      "min": 1000.0,
      "max": 75569.921875,
      "std": 9922.0251410523,
      "missing": 0,
      "n_distinct": 962611,
      "zeros": 0,
      "infinite": 0,
      "sum": 25023608288.517273,
      "median": 24994.185546875,
      "p5": 8527.28515625,
      "p25": 18267.021484375,
      "p75": 31744.50390625,
      "p95": 41407.49609375,
      "range": 74569.921875,
      "variance": 98446582.89967391,
      "cv": 0.39650657198008,
      "distinct_perc": 0.962611,
      "n_unique": 934133
    },
    "interest_rate": {
      "type": "float32",
      "mean": 0.08568770949183856,
      "min": 5.453985431813635e-05,
      "max": 0.2880168855190277,
      "std": 0.04791610301181539,
      "missing": 0,
      "n_distinct": 977954,
      "zeros": 0,
      "infinite": 0,
      "sum": 85687.70949183856,
      "median": 0.07929550856351852,
      "p5": 0.018839234486222267,
      "p25": 0.04827205091714859,
      "p75": 0.11682260781526566,
      "p95": 0.17460790276527405,
      "range": 0.2879623456647096,
      "variance": 0.0022959529278389038,
      "cv": 0.5591945834003093,
      "distinct_perc": 0.977954,
      "n_unique": 956327
    },
    "term_months": {
      "type": "int32",
      "mean": 47.991072,
      "min": 12,
      "max": 84,
      "std": 24.003442096000516,
      "missing": 0,
      "n_distinct": 7,
      "zeros": 0,
      "sum": 47991072,
      "median": 48.0,
      "p5": 12.0,
      "p25": 24.0,
      "p75": 72.0,
      "p95": 84.0,
      "range": 72,
      "variance": 576.1652324560496,
      "cv": 0.5001647409751654,
      "distinct_perc": 7e-06,
      "n_unique": 0
    },
    "credit_score": {
      "type": "int32",
      "mean": 615.956968,
      "min": 300,
      "max": 849,
      "std": 116.10473277414617,
      "missing": 0,
      "n_distinct": 550,
      "zeros": 0,
      "sum": 615956968,
      "median": 631.0,
      "p5": 404.0,
      "p25": 534.0,
      "p75": 706.0,
      "p95": 785.0,
      "range": 549,
      "variance": 13480.308972555893,
      "cv": 0.18849487676247242,
      "distinct_perc": 0.00055,
      "n_unique": 0
    },
    "annual_income": {
      "type": "float32",
      "mean": 67911.98663663819,
      "min": 6123.37109375,
      "max": 875837.8125,
      "std": 36225.976445675224,
      "missing": 0,
      "n_distinct": 976236,
      "zeros": 0,
      "infinite": 0,
      "sum": 67911986636.63818,
      "median": 59905.9453125,
      "p5": 26315.234375,
      "p25": 42766.1640625,
      "p75": 83956.5703125,
      "p95": 136452.96875,
      "range": 869714.44140625,
      "variance": 1312321369.4426162,
      "cv": 0.533425367741068,
      "distinct_perc": 0.976236,
      "n_unique": 952921
    },
    "dti_ratio": {
      "type": "float32",
      "mean": 0.1999038601351257,
      "min": 6.513672997243702e-05,
      "max": 1.0,
      "std": 0.14113807974497805,
      "missing": 0,
      "n_distinct": 983632,
      "zeros": 0,
      "infinite": 0,
      "sum": 199903.8601351257,
      "median": 0.16777381300926208,
      "p5": 0.03546135872602463,
      "p25": 0.09611079096794128,
      "p75": 0.26920759677886963,
      "p95": 0.47473055124282837,
      "range": 0.9999348632700276,
      "variance": 0.019919957554099782,
      "cv": 0.706029786766375,
      "distinct_perc": 0.983632,
      "n_unique": 967950
    },
    "number_of_dependents": {
      "type": "int32",
      "mean": 1.50089,
      "min": 0,
      "max": 10,
      "std": 1.224841503271631,
      "missing": 0,
      "n_distinct": 11,
      "zeros": 222983,
      "sum": 1500890,
      "median": 1.0,
      "p5": 0.0,
      "p25": 1.0,
      "p75": 2.0,
      "p95": 4.0,
      "range": 10,
      "variance": 1.5002367081367092,
      "cv": 0.8160767966150958,
      "distinct_perc": 1.1e-05,
      "n_unique": 0
    },
    "is_secured": {
      "type": "boolean",
      "missing": 0,
      "n_distinct": 2,
      "distinct_perc": 2e-06,
      "n_unique": 0
    },
    "has_cosigner": {
      "type": "boolean",
      "missing": 0,
      "n_distinct": 2,
      "distinct_perc": 2e-06,
      "n_unique": 0
    },
    "piti_coverage": {
      "type": "boolean",
      "missing": 0,
      "n_distinct": 2,
      "distinct_perc": 2e-06,
      "n_unique": 0
    },
    "autopay_enabled": {
      "type": "boolean",
      "missing": 0,
      "n_distinct": 2,
      "distinct_perc": 2e-06,
      "n_unique": 0
    },
    "monthly_payment": {
      "type": "float32",
      "mean": 838.7537732269983,
      "min": 11.918367385864258,
      "max": 6700.88623046875,
      "std": 761.4204153678771,
      "missing": 0,
      "n_distinct": 983564,
      "zeros": 0,
      "infinite": 0,
      "sum": 838753773.2269983,
      "median": 565.2296142578125,
      "p5": 167.6485595703125,
      "p25": 363.2523498535156,
      "p75": 1008.9380493164062,
      "p95": 2610.1630859375,
      "range": 6688.967863082886,
      "variance": 579761.0489389906,
      "cv": 0.907799690054936,
      "distinct_perc": 0.983564,
      "n_unique": 967355
    },
    "application_date": {
      "type": "timestamp(6)",
      "min": "2026-03-08T00:00:00.150000",
      "max": "2026-03-08T23:59:59.885000",
      "missing": 0,
      "n_distinct": 994184,
      "distinct_perc": 0.994184,
      "n_unique": 988395
    },
    "loan_status": {
      "type": "string",
      "missing": 0,
      "n_distinct": 6,
      "distinct_perc": 6e-06,
      "n_unique": 0
    },
    "home_ownership": {
      "type": "string",
      "missing": 0,
      "n_distinct": 4,
      "distinct_perc": 4e-06,
      "n_unique": 0
    },
    "region": {
      "type": "string",
      "missing": 0,
      "n_distinct": 5,
      "distinct_perc": 5e-06,
      "n_unique": 0
    },
    "grade": {
      "type": "string",
      "missing": 0,
      "n_distinct": 7,
      "distinct_perc": 7e-06,
      "n_unique": 0
    },
    "full_name": {
      "type": "string",
      "missing": 0,
      "n_distinct": 40194,
      "distinct_perc": 0.040194,
      "n_unique": 0
    },
    "city": {
      "type": "string",
      "missing": 0,
      "n_distinct": 25468,
      "distinct_perc": 0.025468,
      "n_unique": 0
    },
    "address": {
      "type": "string",
      "missing": 0,
      "n_distinct": 50000,
      "distinct_perc": 0.05,
      "n_unique": 0
    },
    "employer_name": {
      "type": "string",
      "missing": 0,
      "n_distinct": 37084,
      "distinct_perc": 0.037084,
      "n_unique": 0
    }
  }
}