{
  "dataset": {
    "row_count": 20000000
  },
  "columns": {
    "loan_id": {
      "type": "int64",
      "mean": 9999999.5,
      "min": 0,
      "max": 19999999,
      "std": 5773502.836233837,
      "missing": 0,
      "unique": 20000000,
      "zeros": 1
    },
    "customer_id": {
      "type": "int32",
      "mean": 549948.6240935,
      "min": 100000,
      "max": 999998,
      "std": 259802.08142885906,
      "missing": 0,
      "unique": 899999,
      "zeros": 0
    },
    "loan_amount": {
      "type": "float32",
      "mean": 25026.783099996348,
      "min": 1000.0,
      "max": 77841.890625,
      "std": 9924.353047925237,
      "missing": 0,
      "unique": 12007608,
      "zeros": 0
    },
    "interest_rate": {
      "type": "float32",
      "mean": 0.08570249741171358,
      "min": 2.7526632038643584e-05,
      "max": 0.2945172190666199,
      "std": 0.04791710904222857,
      "missing": 0,
      "unique": 13465964,
      "zeros": 0
    },
    "term_months": {
      "type": "int32",
      "mean": 47.9990808,
      "min": 12,
      "max": 84,
      "std": 24.000531276543583,
      "missing": 0,
      "unique": 7,
      "zeros": 0
    },
    "credit_score": {
      "type": "int32",
      "mean": 616.1831642,
      "min": 300,
      "max": 849,
      "std": 116.06540075377715,
      "missing": 0,
      "unique": 550,
      "zeros": 0
    },
    "annual_income": {
      "type": "float32",
      "mean": 67856.35721071878,
      "min": 3217.72900390625,
      "max": 942661.125,
      "std": 36168.05450712186,
      "missing": 0,
      "unique": 13120382,
      "zeros": 0
    },
    "dti_ratio": {
      "type": "float32",
      "mean": 0.19992127335407187,
      "min": 1.4250314961827826e-05,
      "max": 1.0,
      "std": 0.14105283012318262,
      "missing": 0,
      "unique": 14921677,
      "zeros": 0
    },
    "number_of_dependents": {
      "type": "int32",
      "mean": 1.49984685,
      "min": 0,
      "max": 10,
      "std": 1.2246674452828348,
      "missing": 0,
      "unique": 11,
      "zeros": 4463969
    },
    "is_secured": {
      "type": "boolean",
      "missing": 0,
      "unique": 2
    },
    "has_cosigner": {
      "type": "boolean",
      "missing": 0,
      "unique": 2
    },
    "piti_coverage": {
      "type": "boolean",
      "missing": 0,
      "unique": 2
    },
    "autopay_enabled": {
      "type": "boolean",
      "missing": 0,
      "unique": 2
    },
    "monthly_payment": {
      "type": "float32",
      "mean": 838.7446269550957,
      "min": 11.914910316467285,
      "max": 6720.30126953125,
      "std": 761.8661977763702,
      "missing": 0,
      "unique": 14783483,
      "zeros": 0
    },
    "application_date": {
      "type": "timestamp(6)",
      "min": "2026-03-08T00:00:00.011000",
      "max": "2026-03-08T23:59:59.998000",
      "missing": 0,
      "unique": 17854542
    },
    "loan_status": {
      "type": "string",
      "missing": 0,
      "unique": 6
    },
    "home_ownership": {
      "type": "string",
      "missing": 0,
      "unique": 4
    },
    "region": {
      "type": "string",
      "missing": 0,
      "unique": 5
    },
    "grade": {
      "type": "string",
      "missing": 0,
      "unique": 7
    },
    "full_name": {
      "type": "string",
      "missing": 0,
      "unique": 40194
    },
    "city": {
      "type": "string",
      "missing": 0,
      "unique": 25468
    },
    "address": {
      "type": "string",
      "missing": 0,
      "unique": 50000
    },
    "employer_name": {
      "type": "string",
      "missing": 0,
      "unique": 37084
    }
  }
}