{
  "n": 1000000,
  "loan_amount_mean": 25023.608288517273,
  "interest_rate_mean": 0.08568770949183856
}